Feature,MeanAbsSHAP
OverTime_Yes,0.031784322656973424
Age,0.019463664525550223
MonthlyIncome,0.017746398973931023
StockOptionLevel,0.017362810634917902
YearsWithCurrManager,0.013998089062843073
YearsAtCompany,0.012295712499049394
NumCompaniesWorked,0.011824648852857536
TotalWorkingYears,0.011471611590272263
DistanceFromHome,0.010841355963270452
EnvironmentSatisfaction,0.010554293761287213
